{"cameraMode":{"drawMode":0,"name":"Shaded","section":"Shading Mode"},"sceneLighting":false,"audioPlay":false,"sceneViewState":{"showFog":true,"showMaterialUpdate":false,"showSkybox":true,"showFlares":true,"showImageEffects":true,"showParticleSystems":true},"in2DMode":false,"pivot":{"x":0.02244490385055542,"y":1.21923828125,"z":-0.5419844388961792},"rotation":{"x":-0.16008782386779786,"y":0.3470824658870697,"z":-0.06025721877813339,"w":-0.9221034646034241},"size":2.8578836917877199,"orthographic":true}