{"cameraMode":{"drawMode":0,"name":"Shaded","section":"Shading Mode"},"sceneLighting":false,"audioPlay":false,"sceneViewState":{"showFog":true,"showMaterialUpdate":false,"showSkybox":true,"showFlares":true,"showImageEffects":true,"showParticleSystems":true},"in2DMode":false,"pivot":{"x":1.809999942779541,"y":1.1399999856948853,"z":20.17760467529297},"rotation":{"x":-0.30692291259765627,"y":0.44922560453414919,"z":-0.16771116852760316,"w":-0.8221117258071899},"size":6.441659927368164,"orthographic":false}